"sex","individual_treatment","nest_treatment","age","stress_series_type","bleed1_final_cort","avgC_capture_day"
"Female","Prev_Cort","Prev_Cort",12,"B_S",NA,21.1904761904762
"Male","Prev_Control","Prev_Control",12,"B_S",NA,22.3015873015873
"Female","Prev_Control","Prev_Control",12,"B_S",NA,22.3015873015873
"Male","Prev_Control","Prev_Control",12,"B_S",NA,15.3174603174603
"Male","Prev_Control","Prev_Control",12,"B_S",NA,15.3174603174603
"Male","Prev_Control","Prev_Control",12,"B_S",6.33,15.3174603174603
"Female","Prev_Control","Prev_Control",12,"B_S",1.34,15.7936507936508
"Female","Prev_Control","Prev_Control",12,"B_S",3.2,15.7936507936508
"Female","Prev_Cort","Prev_Cort",12,"B_S",0.48,21.5873015873016
"Female","long_control","Year2",12,"B_S",6.96,24.2063492063492
"Female","Cort","Cort",12,"B_S",2.56,21.7460317460317
"Female","Cold","Cold",12,"B_S",1.64,21.7460317460317
"Female","","",12,"B_S_D",3.09,13.7301587301587
"Male","","",12,"B_S_D",12.27,13.7301587301587
"Male","","",12,"B_S_D",NA,13.7301587301587
"Female","","",12,"B_S_D",42.41,14.047619047619
"Female","","",12,"B_S_D",24.64,14.047619047619
"Female","","",12,"B_S_D",60.33,14.047619047619
"Male","","",12,"B_S_D",1.64,17.5396825396825
"Male","","",12,"B_S_D",2.4,17.5396825396825
"Male","","",12,"B_S_D",2.5,17.5396825396825
"Male","","",12,"B_S_D",1.66,17.5396825396825
"Female","","",12,"B_S_D",3.08,17.5396825396825
"Male","","",12,"B_S_D",4.71,17.5396825396825
"Male","","",12,"B_S_D",9.03,17.5396825396825
"Male","","",12,"B_S_D",5.97,17.5396825396825
"Male","","",12,"B_S_D",12.63,18.1746031746032
"Female","","",12,"B_S_D",2.19,18.1746031746032
"Male","","",12,"B_S_D",4.29,18.1746031746032
"Male","","",12,"B_S_D",1.22,15.8730158730159
"Female","","",12,"B_S_D",2.32,15.8730158730159
"Male","","",12,"B_S_D",3.02,15.8730158730159
"Female","","",12,"B_S_D",2.97,15.8730158730159
"Female","","",12,"B_S_D",0.89,15.8730158730159
"Male","","",12,"B_S_D",2.35,15.8730158730159
"Male","","",12,"B_S_D",29.04,15.8730158730159
"Male","","",12,"B_S_D",15.8,15.8730158730159
"Female","","",12,"B_S_D",30.36,15.8730158730159
"Female","","",12,"B_S_D",3.01,15.8730158730159
"Female","","",12,"B_S_D",11.34,15.8730158730159
"Female","","",12,"B_S_D",3.71,15.8730158730159
"Female","","",12,"B_S_D",70.52,14.047619047619
"Male","","",12,"B_S_D",NA,13.7301587301587
"Male","","",12,"B_S_D",5.09,15.8730158730159
"Female","","",12,"B_S_D",10.27,15.8730158730159
"Female","","",12,"B_S_D",1.64,15.8730158730159
"Female","","",12,"B_S_D",2.77,15.8730158730159
"Male","","",12,"B_S_D",7.5,15.8730158730159
"Female","","",12,"B_S_D",70.68,15.8730158730159
"Female","","",12,"B_S_D",12.8,15.8730158730159
"Female","","",12,"B_S_D",0.63,15.8730158730159
"Male","","",12,"B_S_D",2.04,15.8730158730159
"Female","","",12,"B_S_D",1.6,15.8730158730159
"Male","","",12,"B_S_D",3.54,15.8730158730159
"Male","","",12,"B_S_D",1.76,15.8730158730159
"Female","","",12,"B_S_D",2.42,15.8730158730159
"Female","","",12,"B_S_D",2.66,23.4126984126984
"Female","","",12,"B_S_D",3.68,23.4126984126984
"Female","","",12,"B_S_D",2.58,23.4126984126984
"Female","","",12,"B_S_D",3.83,23.4126984126984
"Male","","",12,"B_S_D",1.67,23.4126984126984
"Female","","",12,"B_S_D",5.1,14.6825396825397
"Female","","",12,"B_S_D",2.37,14.6825396825397
"Female","","",12,"B_S_D",1.53,14.6825396825397
"Male","","",12,"B_S_D",1.45,14.6825396825397
"Male","","",12,"B_S_D",1.24,21.1904761904762
"Male","","",12,"B_S_D",2.56,21.1904761904762
"Female","","",12,"B_S_D",3.07,21.1904761904762
"Female","","",12,"B_S_D",5.2,23.8888888888889
"Male","","",12,"B_S_D",5.12,23.8888888888889
"Male","","",12,"B_S_D",1.88,23.8888888888889
"Male","","",12,"B_S_D",7.72,23.8888888888889
"Female","","",12,"B_S_D",5.92,23.8888888888889
"Male","","",12,"B_S_D",3.69,23.8888888888889
"Female","","",12,"B_S_D",3.78,23.8888888888889
"Male","","",12,"B_S_D",4.9,23.8888888888889
"Female","","",12,"B_S_D",2.2,23.4126984126984
"Male","","",12,"B_S_D",10.82,20.7142857142857
"Male","","",12,"B_S_D",4.29,20.7142857142857
"Male","","",12,"B_S_D",2.36,20.7142857142857
"Female","","",12,"B_S_D",11.05,20.7142857142857
"Female","","",12,"B_S_D",1.53,25.8730158730159
"Female","","",12,"B_S_D",18.92,25.8730158730159
"Female","","",12,"B_S_D",1.21,25.8730158730159
"Male","","",12,"B_S_D",7.1,13.7301587301587
"Female","","",12,"B_S_D",87.24,14.047619047619
"Female","","",12,"B_S_D",17.69,17.5396825396825
"Male","","",12,"B_S_D",13.71,18.1746031746032
"Male","","",12,"B_S_D",10.56,18.1746031746032
"Male","","",12,"B_S_D",5.6,18.1746031746032
"Male","","",12,"B_S_D",20.84,18.1746031746032
"Male","","",12,"B_S_D",23.27,18.1746031746032
"Female","","",12,"B_S_D",40.75,17.9365079365079
"Female","","",12,"B_S_D",14.71,17.9365079365079
"Female","","",12,"B_S_D",47.03,17.9365079365079
"Male","","",12,"B_S_D",16.66,17.9365079365079
"Female","","",12,"B_S_D",1.2,15.8730158730159
"Male","","",12,"B_S_D",36.51,17.9365079365079
"Female","","",12,"B_S_D",0.92,15.8730158730159
"Male","","",12,"B_S_D",1.01,15.8730158730159
"Female","","Pred",12,"B_S_D",43.08,12.3809523809524
"Female","","NonPred",12,"B_S_D",7.87,15.3174603174603
"Female","","NonPred",12,"B_S_D",4.41,15.3174603174603
"Male","","Cool",12,"B_S_D",4.62,18.968253968254
"Male","","Control",12,"B_S_D",5.66,14.9206349206349
"Male","","Cool",12,"B_S_D",1.47,21.5873015873016
"Female","Unknown","Heritability",12,"B_S_D",10.68,17.8571428571429
"Female","swap","Heritability",12,"B_S_D",4.73,17.8571428571429
"Female","swap","Heritability",12,"B_S_D",9.26,17.8571428571429
"Male","swap","Heritability",12,"B_S_D",1.53,21.3492063492064
"Male","unswap","Heritability",12,"B_S_D",3.54,21.3492063492064
"Female","unswap","Heritability",12,"B_S_D",2.41,21.3492063492064
"Female","swap","Heritability",12,"B_S_D",6.92,19.7619047619048
"Male","unswap","Heritability",12,"B_S_D",4.65,19.7619047619048
"Male","unswap","Heritability",12,"B_S_D",1.73,19.7619047619048
"Male","unswap","Heritability",12,"B_S_D",2.59,19.7619047619048
"Female","unknown","Heritability",12,"B_S_D",1.08,19.7619047619048
"Male","","Low_Unknown",12,"B_S_D",19.39,21.984126984127
"Male","","Low_Unknown",12,"B_S_D",1.81,21.984126984127
"Male","","Low_Unknown",12,"B_S_D",4.43,21.984126984127
"Male","","Low_Unknown",12,"B_S_D",3.54,21.984126984127
"Female","","Low_Unknown",12,"B_S_D",4.19,21.984126984127
"Female","","High",12,"B_S_D",2.95,21.984126984127
"Male","","High",12,"B_S_D",1.68,21.984126984127
"Female","","High",12,"B_S_D",1.34,21.984126984127
"Female","","High",12,"B_S_D",4.41,21.984126984127
"Female","","High",12,"B_S_D",11.55,21.984126984127
"Male","","High",12,"B_S_D",2.97,21.984126984127
"Male","unswap","Heritability",12,"B_S_D",2.98,21.984126984127
"Male","unknown","Heritability",12,"B_S_D",NA,21.984126984127
"Female","swap","Heritability",12,"B_S_D",2.53,21.984126984127
"Male","","High",12,"B_S_D",5.64,21.984126984127
"Female","DMSO","TeresaNestlingCort",12,"B_S_D",2.82,21.984126984127
"Female","DMSO","TeresaNestlingCort",12,"B_S_D",6.09,21.984126984127
"Female","CORT","TeresaNestlingCort",12,"B_S_D",6.64,21.984126984127
"Female","CORT","TeresaNestlingCort",12,"B_S_D",207.73,21.984126984127
"Male","DMSO","TeresaNestlingCort",12,"B_S_D",4.11,21.984126984127
"Female","CORT","TeresaNestlingCort",12,"B_S_D",36.4,21.984126984127
"Female","DMSO","TeresaNestlingCort",12,"B_S_D",3.97,21.984126984127
"Male","CORT","TeresaNestlingCort",12,"B_S_D",8.52,21.984126984127
"Female","","Control",12,"B_S_D",NA,12.3809523809524
"Male","","Control",12,"B_S_D",56.6,12.3809523809524
"Male","","Control",12,"B_S_D",88.9,12.3809523809524
"Male","","Low",12,"B_S_D",17.13,12.3809523809524
"Male","","Low",12,"B_S_D",2.72,12.3809523809524
"Female","unswap","Heritability",12,"B_S_D",24.42,12.3809523809524
"Female","unswap","Heritability",12,"B_S_D",31.08,12.3809523809524
"Female","unknown","Heritability",12,"B_S_D",82.86,12.3809523809524
"Female","unknown","Heritability",12,"B_S_D",3.94,12.3809523809524
"Male","swap","Heritability",12,"B_S_D",46.05,12.3809523809524
"Female","unswap","Heritability",12,"B_S_D",27.79,12.3809523809524
"Male","unswap","Heritability",12,"B_S_D",27.31,12.3809523809524
"Female","swap","Heritability",12,"B_S_D",17.6,12.3809523809524
"Female","unswap","Heritability",12,"B_S_D",13.95,12.3809523809524
"Male","unknown","Heritability",12,"B_S_D",3.57,15.3174603174603
"Male","unknown","Heritability",12,"B_S_D",3.45,15.3174603174603
"Male","","High_Control",12,"B_S_D",5.6,15.3174603174603
"Female","","High_Control",12,"B_S_D",1.49,15.3174603174603
"Female","","High_Control",12,"B_S_D",2.17,15.3174603174603
"Female","","High_Control",12,"B_S_D",3.41,15.3174603174603
"Female","","High_Control",12,"B_S_D",2.25,15.3174603174603
"Male","","High_Control",12,"B_S_D",2.76,15.3174603174603
"Male","unswap","Heritability",12,"B_S_D",1.35,15.3174603174603
"Male","unswap","Heritability",12,"B_S_D",10.47,15.3174603174603
"Male","unswap","Heritability",12,"B_S_D",NA,15.3174603174603
"Male","","Control_Cool",12,"B_S_D",3.66,15.3174603174603
"Male","","Control_Cool",12,"B_S_D",2.33,15.3174603174603
"Female","","Control_Cool",12,"B_S_D",2.25,15.3174603174603
"Male","","Control_Cool",12,"B_S_D",3.27,15.3174603174603
"Male","","Control_Cool",12,"B_S_D",2.68,15.3174603174603
"Male","","Low_Cool",12,"B_S_D",1.91,15.3174603174603
"Female","","Low_Cool",12,"B_S_D",37.75,15.3174603174603
"Female","","Low_Cool",12,"B_S_D",1.43,15.3174603174603
"Male","unknown","Heritability",12,"B_S_D",3.58,21.5873015873016
"Female","","High",12,"B_S_D",1.71,21.5873015873016
"Male","unknown","Heritability",12,"B_S_D",3.19,21.5873015873016
"Male","unswap","Heritability",12,"B_S_D",4.65,21.5873015873016
"Female","swap","Heritability",12,"B_S_D",15.15,21.5873015873016
"Male","unswap","Heritability",12,"B_S_D",1.59,21.5873015873016
"Female","","High",12,"B_S_D",6.74,24.1269841269841
"Female","","High",12,"B_S_D",2.03,24.1269841269841
"Female","","High",12,"B_S_D",6.27,24.1269841269841
"Female","","High",12,"B_S_D",1.46,24.1269841269841
"Male","","Low",12,"B_S_D",5.38,16.4285714285714
"Female","","Low",12,"B_S_D",5.12,16.4285714285714
"Male","unswap","Heritability",12,"B_S_D",1.11,16.4285714285714
"Male","unswap","Heritability",12,"B_S_D",NA,21.984126984127
"Female","unswap","Heritability",12,"B_S_D",0.77,21.984126984127
"Male","unswap","Heritability",12,"B_S_D",17.55,21.984126984127
"Female","","Control",12,"B_S_D",10.23,12.3809523809524
"Male","","Control",12,"B_S_D",73.76,12.3809523809524
"Female","","Low",12,"B_S_D",2.8,12.3809523809524
"Male","unknown","Heritability",12,"B_S_D",13.03,12.3809523809524
"Female","swap","Heritability",12,"B_S_D",1.59,15.3174603174603
"Male","unknown","Heritability",12,"B_S_D",9.04,15.3174603174603
"Male","swap","Heritability",12,"B_S_D",1.97,15.3174603174603
"Female","swap","Heritability",12,"B_S_D",0.98,15.3174603174603
"Female","unswap","Heritability",12,"B_S_D",1,15.3174603174603
"Female","swap","Heritability",12,"B_S_D",6.17,15.3174603174603
"Female","unswap","Heritability",12,"B_S_D",39.6,15.3174603174603
"Male","unswap","Heritability",12,"B_S_D",46.83,15.3174603174603
"Female","swap","Heritability",12,"B_S_D",4.83,15.3174603174603
"Female","swap","Heritability",12,"B_S_D",2.74,15.3174603174603
"Female","","Control",12,"B_S_D",1.85,15.3174603174603
"Female","","Control",12,"B_S_D",2.6,15.3174603174603
"Female","","Control",12,"B_S_D",3.15,15.3174603174603
"Female","","Control",12,"B_S_D",2.25,15.3174603174603
"Female","unswap","Heritability",12,"B_S_D",24.66,21.5873015873016
"Female","unswap","Heritability",12,"B_S_D",3.03,21.5873015873016
"Female","","High",12,"B_S_D",2.75,21.5873015873016
"Male","","High",12,"B_S_D",1.43,21.5873015873016
"Female","","High",12,"B_S_D",2.1,21.5873015873016
"Female","unswap","Heritability",12,"B_S_D",11.3,21.5873015873016
"Male","unswap","Heritability",12,"B_S_D",12.18,21.5873015873016
"Male","unswap","Heritability",12,"B_S_D",23.48,21.5873015873016
"Male","swap","Heritability",12,"B_S_D",5.84,21.5873015873016
"Male","swap","Heritability",12,"B_S_D",3.21,21.5873015873016
"Female","unswap","Heritability",12,"B_S_D",1.13,21.5873015873016
"Male","Unknown","Heritability",12,"B_S_D",1.84,21.5873015873016
"Male","Unknown","Heritability",12,"B_S_D",1,21.5873015873016
"Female","","Low",12,"B_S_D",3.04,21.5873015873016
"Female","","Low",12,"B_S_D",4.36,21.5873015873016
"Male","","Low",12,"B_S_D",1.69,21.5873015873016
"Male","","High",12,"B_S_D",1.87,24.1269841269841
"Female","","High",12,"B_S_D",11.74,24.1269841269841
"Male","","Control",12,"B_S_D",3.96,19.4444444444444
"Female","","Control",12,"B_S_D",2.26,19.4444444444444
"Male","","Low",12,"B_S_D",1.87,16.4285714285714
"Male","","Low",12,"B_S_D",7.41,16.4285714285714
"Female","","Low",12,"B_S_D",8.09,16.4285714285714
"Male","unknown","Heritability",12,"B_S_D",1.31,16.4285714285714
"Female","unswap","Heritability",12,"B_S_D",2.47,16.4285714285714
"Male","unswap","Heritability",12,"B_S_D",3.06,16.4285714285714
"Female","swap","Heritability",12,"B_S_D",2.42,16.4285714285714
"Female","unswap","Heritability",12,"B_S_D",3.2,16.4285714285714
"Male","unswap","Heritability",12,"B_S_D",3.31,16.4285714285714
"Female","unknown","Heritability",12,"B_S_D",7.07,16.4285714285714
"Male","unswap","Heritability",12,"B_S_D",5.09,16.4285714285714
"Male","unknown","Heritability",12,"B_S_D",3.09,16.4285714285714
"Female","unswap","Heritability",12,"B_S_D",10.83,16.4285714285714
"Male","unswap","Heritability",12,"B_S_D",2.12,16.984126984127
"Male","swap","Heritability",12,"B_S_D",6.9,16.984126984127
"Female","unknown","Heritability",12,"B_S_D",1.41,16.984126984127
"Male","unswap","Heritability",12,"B_S_D",3.44,16.984126984127
"Female","swap","Heritability",12,"B_S_D",1.22,16.984126984127
"Female","","",12,"B_S_D",1.63,18.6507936507937
"Female","","",12,"B_S_D",31,18.6507936507937
"Female","swap","Heritability",12,"B_S_D",1.81,18.6507936507937
"Male","swap","Heritability",12,"B_S_D",2.22,18.6507936507937
"Male","unknown","Heritability",12,"B_S_D",2.6,18.6507936507937
"Male","unswap","Heritability",12,"B_S_D",5.33,21.6666666666667
"Female","unknown","Heritability",12,"B_S_D",6.65,21.6666666666667
"Male","swap","Heritability",12,"B_S_D",4.76,21.6666666666667
"Male","unswap","Heritability",12,"B_S_D",7.3,21.6666666666667
"Female","swap","Heritability",12,"B_S_D",3.92,21.6666666666667
"Female","unknown","Heritability",12,"B_S_D",1.56,19.7619047619048
"Female","unswap","Heritability",12,"B_S_D",4.93,19.7619047619048
"Male","unswap","Heritability",12,"B_S_D",1.89,19.7619047619048
"Female","swap","Heritability",12,"B_S_D",1.83,19.7619047619048
"Male","Unknown","Heritability",12,"B_S_D",1.53,18.4126984126984
"Female","swap","Heritability",12,"B_S_D",1.79,18.4126984126984
"Male","Unknown","Heritability",12,"B_S_D",1.25,13.2539682539683
"Female","Unknown","Heritability",12,"B_S_D",3.23,13.2539682539683
"Female","unswap","Heritability",12,"B_S_D",96.23,12.3809523809524
"Female","","",12,"B_S_D",3.82,18.6507936507937
"Male","swap","Heritability",12,"B_S_D",41.43,15.3174603174603
"Male","","",12,"B_S_D",4.23,20.952380952381
"Female","","NonPred",12,"B_S_D",3.81,22.2222222222222
"Male","","Pred",12,"B_S_D",5.2,22.2222222222222
"Female","","NonPred",12,"B_S_D",1.15,20.7142857142857
"Female","CORT_XFoster","CORT_XFoster",12,"B_S_D",3.09,17.6984126984127
"Male","Color_Dull","Color_Dull",12,"B_S_D",3.14,23.5714285714286
"Male","","",12,"B_S_D",NA,19.2063492063492
"Male","","",12,"B_S_D",NA,19.2063492063492
"Male","","",12,"B_S_D",NA,19.2063492063492
"Male","","",12,"B_S_D",NA,19.2063492063492
"Female","","",12,"B_S_D",0.48,16.984126984127
"Male","","",12,"B_S_D",0.48,16.984126984127
"Male","","",12,"B_S_D",NA,16.984126984127
"Female","","",12,"B_S_D",NA,16.984126984127
"Male","","",12,"B_S_D",NA,16.984126984127
"Female","","",12,"B_S_D",NA,16.984126984127
"Female","","",12,"B_S_D",0.91,17.2222222222222
"Male","","",12,"B_S_D",1.73,17.2222222222222
"Male","","",12,"B_S_D",1.32,17.2222222222222
"Female","","",12,"B_S_D",0.94,17.2222222222222
"Female","","",12,"B_S_D",1.44,17.2222222222222
"Female","","",12,"B_S_D",0.48,17.2222222222222
"Male","","",12,"B_S_D",0.48,17.2222222222222
"Female","","",12,"B_S_D",5.51,17.2222222222222
"Female","","",12,"B_S_D",0.84,18.1746031746032
"Female","","",12,"B_S_D",2.42,18.1746031746032
"Female","","",12,"B_S_D",1.91,18.1746031746032
"Female","","",12,"B_S_D",2.06,18.1746031746032
"Female","","",12,"B_S_D",1.29,18.1746031746032
"Male","","",12,"B_S_D",1.64,18.1746031746032
"Male","","",12,"B_S_D",1.3,18.1746031746032
"Female","","",12,"B_S_D",1.45,18.1746031746032
"Male","","",12,"B_S_D",1.25,18.1746031746032
"Male","","",12,"B_S_D",0.75,18.1746031746032
"Female","","",12,"B_S_D",1.79,18.1746031746032
"Female","","",12,"B_S_D",3.77,18.1746031746032
"Male","","",12,"B_S_D",3.05,18.1746031746032
"Female","","",12,"B_S_D",0.95,18.1746031746032
"Female","","",12,"B_S_D",1.29,18.1746031746032
"Male","","",12,"B_S_D",3.07,19.1269841269841
"Female","","",12,"B_S_D",4.59,19.1269841269841
"Male","","",12,"B_S_D",52.13,19.1269841269841
"Female","","",12,"B_S_D",0.48,19.1269841269841
"Male","","",12,"B_S_D",0.48,19.1269841269841
"Male","","Dull_Control",12,"B_S_D",8.49,19.1269841269841
"Female","","Dull_Control",12,"B_S_D",0.48,19.1269841269841
"Female","","Dull_Control",12,"B_S_D",3.78,19.1269841269841
"Female","","Dull_Control",12,"B_S_D",0.48,19.1269841269841
"Female","","Dull_Control",12,"B_S_D",0.48,19.1269841269841
"Male","","",12,"B_S_D",54.06,19.1269841269841
"Female","","",12,"B_S_D",11.04,19.1269841269841
"Male","","",12,"B_S_D",8.55,19.1269841269841
"Female","","",12,"B_S_D",2.05,19.1269841269841
"Male","","",12,"B_S_D",2.51,19.1269841269841
"Female","","",12,"B_S_D",3.44,19.1269841269841
"Male","","",12,"B_S_D",2.42,19.1269841269841
"Male","","",12,"B_S_D",2.39,19.1269841269841
"Male","","",12,"B_S_D",0.64,19.1269841269841
"Male","","",12,"B_S_D",4.1,19.1269841269841
"Male","","",12,"B_S_D",0.48,19.1269841269841
"Female","","",12,"B_S_D",5.58,19.1269841269841
"Male","","",12,"B_S_D",4.6,19.1269841269841
"Male","","",12,"B_S_D",3.3,19.1269841269841
"Female","","",12,"B_S_D",1.01,19.1269841269841
"Male","","",12,"B_S_D",2.1,19.1269841269841
"Female","","",12,"B_S_D",3.22,19.1269841269841
"Male","","",12,"B_S_D",1.01,19.1269841269841
"Male","","",12,"B_S_D",0.48,19.1269841269841
"Male","","",12,"B_S_D",1.03,19.1269841269841
"Male","","",12,"B_S_D",4.76,19.1269841269841
"Male","","",12,"B_S_D",3.93,19.1269841269841
"Male","","",12,"B_S_D",6.21,19.1269841269841
"Female","","",12,"B_S_D",2.73,19.1269841269841
"Male","","",12,"B_S_D",2.82,19.1269841269841
"Female","","",12,"B_S_D",1.55,19.1269841269841
"Female","","",12,"B_S_D",1.23,19.1269841269841
"Male","","",12,"B_S_D",0.92,19.1269841269841
"Female","","",12,"B_S_D",1.2,19.1269841269841
"Male","","",12,"B_S_D",6.29,19.1269841269841
"Male","","",12,"B_S_D",1.81,19.1269841269841
"Male","","",12,"B_S_D",3.97,19.1269841269841
"Male","","",12,"B_S_D",0.48,19.1269841269841
"Female","","",12,"B_S_D",1.22,19.1269841269841
"Female","","",12,"B_S_D",1.82,19.1269841269841
"Female","","",12,"B_S_D",1.5,19.1269841269841
"Male","","",12,"B_S_D",0.99,19.1269841269841
"Female","","",12,"B_S_D",7.89,19.1269841269841
"Male","","",12,"B_S_D",0.48,19.1269841269841
"Male","","",12,"B_S_D",1.29,19.2063492063492
"Female","","",12,"B_S_D",3.32,19.2063492063492
"Female","","",12,"B_S_D",7.56,19.2063492063492
"Male","","",12,"B_S_D",0.48,19.2063492063492
"Female","","",12,"B_S_D",0.48,19.2063492063492
"Female","","",12,"B_S_D",3.7,19.2063492063492
"Female","","",12,"B_S_D",6.66,19.2063492063492
"Female","","",12,"B_S_D",3.08,19.2063492063492
"Female","","",12,"B_S_D",2.98,19.2063492063492
"Female","","",12,"B_S_D",2.47,19.2063492063492
"Male","","",12,"B_S_D",0.83,19.2063492063492
"Female","","",12,"B_S_D",3.48,19.2063492063492
"Male","","",12,"B_S_D",1.13,19.2063492063492
"Female","","",12,"B_S_D",0.48,19.2063492063492
"Male","","",12,"B_S_D",0.48,19.2063492063492
"Female","","",12,"B_S_D",1.61,19.2063492063492
"Female","","",12,"B_S_D",0.93,19.2063492063492
"Male","","",12,"B_S_D",9.86,19.2063492063492
"Female","","",12,"B_S_D",4.68,19.2063492063492
"Female","","",12,"B_S_D",NA,19.2063492063492
"Female","","",12,"B_S_D",24.52,19.2063492063492
"Female","","",12,"B_S_D",1.28,19.2063492063492
"Female","","",12,"B_S_D",1.27,19.2063492063492
"Female","","",12,"B_S_D",0.48,19.2063492063492
"Female","","",12,"B_S_D",0.48,19.2063492063492
"Female","","",12,"B_S_D",5.06,19.8412698412698
"Female","","",12,"B_S_D",8.34,19.8412698412698
"Female","","",12,"B_S_D",1.23,19.8412698412698
"Female","","",12,"B_S_D",NA,19.8412698412698
"Male","","",12,"B_S_D",1.86,19.8412698412698
"Female","","",12,"B_S_D",13.22,19.8412698412698
"Male","","",12,"B_S_D",6.69,19.8412698412698
"Male","","",12,"B_S_D",4.03,19.8412698412698
"Female","","",12,"B_S_D",2.34,19.8412698412698
"Female","","",12,"B_S_D",3.53,19.8412698412698
"Male","","",12,"B_S_D",3.44,19.8412698412698
"Male","","",12,"B_S_D",2.15,16.9047619047619
"Female","","",12,"B_S_D",22.42,16.9047619047619
"Male","","",12,"B_S_D",2.73,16.9047619047619
"Male","","",12,"B_S_D",1.96,16.9047619047619
"Female","","",12,"B_S_D",2.64,16.9047619047619
"Female","","",12,"B_S_D",0.52,16.9047619047619
"Female","","",12,"B_S_D",NA,16.9047619047619
"Male","","",12,"B_S_D",0.48,16.9047619047619
"Male","","",12,"B_S_D",0.48,16.9047619047619
"Female","","",12,"B_S_D",1.51,16.9047619047619
"Male","","",12,"B_S_D",0.48,16.9047619047619
"Male","","",12,"B_S_D",1.12,16.9047619047619
"Female","","",12,"B_S_D",0.84,16.9047619047619
"Male","","",12,"B_S_D",2.11,16.9047619047619
"Male","","",12,"B_S_D",0.48,16.9047619047619
"Female","","",12,"B_S_D",2.59,19.6031746031746
"Female","","",12,"B_S_D",2.51,19.6031746031746
"Male","","",12,"B_S_D",3.35,19.6031746031746
"Male","","",12,"B_S_D",5.92,19.6031746031746
"Male","","",12,"B_S_D",3.92,19.6031746031746
"Female","","",12,"B_S_D",1.31,19.6031746031746
"Female","","",12,"B_S_D",0.52,19.6031746031746
"Female","","",12,"B_S_D",1.9,19.6031746031746
"Female","","",12,"B_S_D",0.48,19.6031746031746
"Female","","",12,"B_S_D",0.7,19.6031746031746
"Female","","",12,"B_S_D",0.48,23.7301587301587
"Male","","",12,"B_S_D",2.35,23.7301587301587
"Female","","",12,"B_S_D",1.01,23.7301587301587
"Female","","",12,"B_S_D",4.21,23.7301587301587
"Male","","",12,"B_S_D",2.9,23.7301587301587
"Male","","",12,"B_S_D",0.92,23.7301587301587
"Male","","",12,"B_S_D",1.98,23.7301587301587
"Female","","",12,"B_S_D",2.75,23.7301587301587
"Male","","",12,"B_S_D",3.02,23.7301587301587
"Female","","",12,"B_S_D",6.72,23.7301587301587
"Male","","",12,"B_S_D",7.72,23.7301587301587
"Male","","",12,"B_S_D",0.84,28.3333333333333
"Male","","",12,"B_S_D",5.65,28.3333333333333
"Female","","",12,"B_S_D",2.7,28.3333333333333
"Female","","",12,"B_S_D",3.57,28.3333333333333
"Female","","",12,"B_S_D",2.54,28.3333333333333
"Female","","",12,"B_S_D",2.3,28.3333333333333
"Female","","",12,"B_S_D",3.7,28.3333333333333
"Male","","",12,"B_S_D",8.66,28.3333333333333
"Male","","",12,"B_S_D",2.84,28.3333333333333
"Female","","",12,"B_S_D",3.72,28.3333333333333
"Male","","",12,"B_S_D",26.94,18.4126984126984
"Male","","",12,"B_S_D",0.83,18.4126984126984
"Male","","",12,"B_S_D",2.57,18.4126984126984
"Female","","",12,"B_S_D",19.61,18.4126984126984
"Female","","",12,"B_S_D",4.63,17.9365079365079
"Male","","",12,"B_S_D",2.8,17.9365079365079
"Female","","",12,"B_S_D",3.33,17.9365079365079
"Male","","",12,"B_S_D",0.83,17.9365079365079
"Male","","",12,"B_S_D",1.7,17.9365079365079
"Female","","",12,"B_S_D",0.48,17.9365079365079
"Male","","",12,"B_S_D",3.02,17.9365079365079
"Female","","",12,"B_S_D",0.48,17.9365079365079
"Female","","",12,"B_S_D",0.55,17.9365079365079
"Female","","",12,"B_S_D",25,17.9365079365079
"Male","","",12,"B_S_D",2.96,17.9365079365079
"Male","","",12,"B_S_D",1.52,18.2539682539683
"Female","","",12,"B_S_D",1.73,18.2539682539683
"Male","","",12,"B_S_D",1.79,18.2539682539683
"Male","","",12,"B_S_D",6.64,18.2539682539683
"Female","","",12,"B_S_D",0.48,18.2539682539683
"Female","","",12,"B_S_D",1.79,18.2539682539683
"Male","","",12,"B_S_D",3.81,19.6825396825397
"Male","","",12,"B_S_D",1.46,19.6825396825397
"Female","","",12,"B_S_D",6.95,19.6825396825397
"Female","","",12,"B_S_D",NA,19.6825396825397
"Female","","",12,"B_S_D",1.41,17.6190476190476
"Female","","",12,"B_S_D",4.67,17.6190476190476
"Female","","",12,"B_S_D",1.28,17.6190476190476
"Female","","",12,"B_S_D",4.97,17.6190476190476
"Female","","",12,"B_S_D",2.76,17.6190476190476
"Female","","",12,"B_S_D",NA,17.6190476190476
"Male","","",12,"B_S_D",1.27,24.1269841269841
"Female","","",12,"B_S_D",5.42,24.1269841269841
"Female","","",12,"B_S_D",7.36,24.1269841269841
"Female","","",12,"B_S_D",1.97,24.1269841269841
"Male","","",12,"B_S_D",2.46,24.1269841269841
"Male","","",12,"B_S_D",6.21,25.7142857142857
"Female","","",12,"B_S_D",1.27,25.7142857142857
"Female","","",12,"B_S_D",10.47,25.7142857142857
"Male","","",12,"B_S_D",1.93,25.7142857142857
"Male","","",12,"B_S_D",2.1,25.7142857142857
"Male","","",12,"B_S_D",1.23,25.7936507936508
"Female","","",12,"B_S_D",0.73,25.7936507936508
"Female","","",12,"B_S_D",3.14,25.7936507936508
"Female","","",12,"B_S_D",1.5,25.7936507936508
"Female","","",12,"B_S_D",5.83,25.7936507936508
"Male","","",12,"B_S_D",1.77,25.7936507936508
"Male","","",12,"B_S_D",13.88,20.8730158730159
"Male","","",12,"B_S_D",2.67,20.8730158730159
"Male","","",12,"B_S_D",1.45,20.8730158730159
"Male","","",12,"B_S_D",1.66,20.8730158730159
"Male","","",12,"B_S_D",6.88,20.6349206349206
"Female","","",12,"B_S_D",1.6,20.6349206349206
"Male","","",12,"B_S_D",0.48,20.6349206349206
"Male","","",12,"B_S_D",3.64,20.6349206349206
"Female","","",12,"B_S_D",0.48,17.2222222222222
"Female","","",12,"B_S_D",2.86,19.1269841269841
"Male","","",12,"B_S_D",0.48,19.6031746031746
"Female","","",12,"B_S_D",0.58,19.6031746031746
"Female","","",12,"B_S_D",25.21,23.7301587301587
"Male","","",12,"B_S_D",56.49,20.8730158730159
"Female","Control_Dull","Cont_Dul",12,"B_S_D",2.44,13.8095238095238
"Male","Control_Dull","Cont_Dul",12,"B_S_D",1.62,13.8095238095238
"Male","Control_Dull","Cont_Dul",12,"B_S_D",3.81,13.8095238095238
"Female","Control_Dull","Cont_Dul",12,"B_S_D",2.7,13.8095238095238
"Female","Control_Dull","Cont_Dul",12,"B_S_D",2.84,13.8095238095238
"Male","Predator_Dull","Pred_Dul",12,"B_S_D",5.61,17.3809523809524
"Male","Predator_Dull","Pred_Dul",12,"B_S_D",3.53,17.3809523809524
"Male","Predator_Dull","Pred_Dul",12,"B_S_D",1.83,17.3809523809524
"Male","Predator_Dull","Pred_Dul",12,"B_S_D",NA,17.3809523809524
"Female","Predator_Dull","Pred_Dul",12,"B_S_D",16.84,17.3809523809524
"Male","Control_Control","Cont_Con",12,"B_S_D",1.82,17.3809523809524
"Female","Control_Control","Cont_Con",12,"B_S_D",7.98,17.3809523809524
"Female","Control_Control","Cont_Con",12,"B_S_D",0.69,17.3809523809524
"Female","Control_Control","Cont_Con",12,"B_S_D",3.76,17.3809523809524
"Male","Control_Control","Cont_Con",12,"B_S_D",12.34,17.3809523809524
"Female","Control_Control","Cont_Con",12,"B_S_D",5.35,17.3809523809524
"Female","Control_Dull","Cont_Dul",12,"B_S_D",0.48,16.9047619047619
"Female","Control_Dull","Cont_Dul",12,"B_S_D",4.35,16.9047619047619
"Female","Control_Dull","Cont_Dul",12,"B_S_D",2.61,16.9047619047619
"Female","Control_Dull","Cont_Dul",12,"B_S_D",2.01,16.9047619047619
"Male","Control_Dull","Cont_Dul",12,"B_S_D",9.67,16.9047619047619
"Female","Control_Dull","Cont_Dul",12,"B_S_D",5.64,16.9047619047619
"Female","Control_Dull","Cont_Dul",12,"B_S_D",10.24,16.9047619047619
"Male","Control_Control","Cont_Con",12,"B_S_D",31.67,13.7301587301587
"Female","Control_Control","Cont_Con",12,"B_S_D",NA,13.7301587301587
"Female","Control_Control","Cont_Con",12,"B_S_D",15.76,13.7301587301587
"Male","Control_Control","Cont_Con",12,"B_S_D",6.48,13.7301587301587
"Male","Control_Control","Cont_Con",12,"B_S_D",23.24,13.7301587301587
"Female","Control_Control","Cont_Con",12,"B_S_D",25.63,13.7301587301587
"Male","Control_Control","Cont_Con",12,"B_S_D",17.61,13.7301587301587
"Female","Predator_Dull","Pred_Dul",12,"B_S_D",8.7,13.7301587301587
"Female","Predator_Dull","Pred_Dul",12,"B_S_D",11.67,13.7301587301587
"Male","Predator_Dull","Pred_Dul",12,"B_S_D",17.57,13.7301587301587
"Male","Predator_Dull","Pred_Dul",12,"B_S_D",6.89,13.7301587301587
"Female","Control_Dull","Cont_Dul",12,"B_S_D",52.24,13.7301587301587
"Female","Control_Dull","Cont_Dul",12,"B_S_D",55.31,13.7301587301587
"Female","Control_Dull","Cont_Dul",12,"B_S_D",16.96,13.7301587301587
"Female","Control_Dull","Cont_Dul",12,"B_S_D",27.5,13.7301587301587
"Male","Control_Dull","Cont_Dul",12,"B_S_D",55.83,13.7301587301587
"Female","Control_Control","Cont_Con",12,"B_S_D",5.91,13.7301587301587
"Female","Control_Control","Cont_Con",12,"B_S_D",2.52,13.7301587301587
"Female","Control_Control","Cont_Con",12,"B_S_D",2.71,13.7301587301587
"Female","Control_Control","Cont_Con",12,"B_S_D",3.85,13.7301587301587
"Female","Control_Control","Cont_Con",12,"B_S_D",10.28,13.7301587301587
"Male","Control_Dull","Cont_Dul",12,"B_S_D",31.9,13.7301587301587
"Female","Control_Dull","Cont_Dul",12,"B_S_D",2.64,13.7301587301587
"Female","Control_Dull","Cont_Dul",12,"B_S_D",15.78,13.7301587301587
"Male","Control_Dull","Cont_Dul",12,"B_S_D",7.74,13.7301587301587
"Female","Control_Dull","Cont_Dul",12,"B_S_D",8.99,13.7301587301587
"Male","Control_Dull","Cont_Dul",12,"B_S_D",8.67,13.7301587301587
"Female","Control_Control","Cont_Con",12,"B_S_D",15.7,13.7301587301587
"Male","Control_Control","Cont_Con",12,"B_S_D",8.01,13.7301587301587
"Male","Control_Control","Cont_Con",12,"B_S_D",22.79,13.7301587301587
"Female","Control_Control","Cont_Con",12,"B_S_D",0.7,13.7301587301587
"Male","","Cont_Con",12,"B_S_D",1.61,13.8095238095238
"Female","","Cont_Con",12,"B_S_D",1.81,13.8095238095238
"Female","","Cont_Con",12,"B_S_D",15.08,13.8095238095238
"Female","","Cont_Con",12,"B_S_D",1.1,13.8095238095238
"Female","","Cont_Con",12,"B_S_D",17.54,13.8095238095238
"Male","Predator_Control","Pred_Con",12,"B_S_D",1.37,18.968253968254
"Female","Predator_Control","Pred_Con",12,"B_S_D",4.28,18.968253968254
"Male","Predator_Control","Pred_Con",12,"B_S_D",4.71,18.968253968254
"Male","Predator_Dull","Pred_Dul",12,"B_S_D",6.11,18.968253968254
"Male","Predator_Dull","Pred_Dul",12,"B_S_D",2.46,18.968253968254
"Male","Predator_Dull","Pred_Dul",12,"B_S_D",0.61,18.968253968254
"Male","Predator_Dull","Pred_Dul",12,"B_S_D",0.69,18.968253968254
"Male","Predator_Dull","Pred_Dul",12,"B_S_D",6.89,18.968253968254
"Male","Control_Control","Cont_Con",12,"B_S_D",4.57,17.5396825396825
"Male","Control_Control","Cont_Con",12,"B_S_D",7.33,17.5396825396825
"Female","Control_Control","Cont_Con",12,"B_S_D",4.74,17.5396825396825
"Male","Control_Control","Cont_Con",12,"B_S_D",1.73,17.5396825396825
"Male","Control_Control","Cont_Con",12,"B_S_D",8.5,17.5396825396825
"Female","Control_Control","Cont_Con",12,"B_S_D",6.09,17.5396825396825
"Female","Control_Control","Cont_Con",12,"B_S_D",10.71,17.5396825396825
"Female","Control_Control","Cont_Con",12,"B_S_D",NA,17.5396825396825
"Female","Light_Control","Light_Control",12,"B_S_D",6.4,17.5396825396825
"Male","Predator_Control","Pred_Con",12,"B_S_D",20.59,17.5396825396825
"Male","Predator_Control","Pred_Con",12,"B_S_D",4.19,17.5396825396825
"Male","Predator_Control","Pred_Con",12,"B_S_D",30.67,17.5396825396825
"Male","Predator_Control","Pred_Con",12,"B_S_D",23.3,17.5396825396825
"Female","Predator_Control","Pred_Con",12,"B_S_D",9.96,17.5396825396825
"Male","Predator_Dull","Cont_Con",12,"B_S_D",2.53,16.2698412698413
"Male","Predator_Dull","Cont_Con",12,"B_S_D",1.23,16.2698412698413
"Female","Predator_Dull","Cont_Con",12,"B_S_D",1.99,16.2698412698413
"Female","Predator_Dull","Cont_Con",12,"B_S_D",0.51,16.2698412698413
"Female","Control_Control","Cont_Con",12,"B_S_D",23.85,16.2698412698413
"Female","Control_Dull","Cont_Dul",12,"B_S_D",0.48,16.2698412698413
"Female","Control_Dull","Cont_Dul",12,"B_S_D",0.48,16.2698412698413
"Female","Control_Dull","Cont_Dul",12,"B_S_D",0.51,16.2698412698413
"Male","Control_Dull","Cont_Dul",12,"B_S_D",1.56,16.2698412698413
"Male","Control_Dull","Cont_Dul",12,"B_S_D",0.48,16.2698412698413
"Male","Control_Dull","Cont_Dul",12,"B_S_D",2.62,16.2698412698413
"Female","Predator_Dull","Pred_Dul",12,"B_S_D",0.48,17.9365079365079
"Male","Predator_Dull","Pred_Dul",12,"B_S_D",0.49,17.9365079365079
"Female","Predator_Dull","Pred_Dul",12,"B_S_D",0.48,17.9365079365079
"Female","Control_Dull","Cont_Dul",12,"B_S_D",9.42,17.9365079365079
"Female","Control_Dull","Cont_Dul",12,"B_S_D",0.48,17.9365079365079
"Male","Control_Dull","Cont_Dul",12,"B_S_D",1.38,17.9365079365079
"Female","Control_Dull","Cont_Dul",12,"B_S_D",1.05,17.9365079365079
"Male","Control_Dull","Cont_Dul",12,"B_S_D",2.14,17.9365079365079
"Female","Control_Control","Pred_Dul",12,"B_S_D",5.59,17.9365079365079
"Female","Control_Control","Pred_Dul",12,"B_S_D",4.73,17.9365079365079
"Female","Control_Control","Pred_Dul",12,"B_S_D",14.79,17.9365079365079
"Female","Control_Control","Pred_Dul",12,"B_S_D",1.34,17.9365079365079
"Female","Control_Control","Pred_Dul",12,"B_S_D",1.82,17.9365079365079
"Female","Control_Control","Cont_Con",12,"B_S_D",2.36,20.3174603174603
"Male","Control_Control","Cont_Con",12,"B_S_D",3,20.3174603174603
"Male","Control_Control","Cont_Con",12,"B_S_D",1.37,20.3174603174603
"Female","Control_Control","Cont_Con",12,"B_S_D",4.78,20.3174603174603
"Female","Predator_Dull","Pred_Dul",12,"B_S_D",1.86,20.3174603174603
"Male","Predator_Dull","Pred_Dul",12,"B_S_D",1.26,20.3174603174603
"Female","Predator_Dull","Pred_Dul",12,"B_S_D",2.97,20.3174603174603
"Male","Predator_Dull","Pred_Dul",12,"B_S_D",9.53,20.3174603174603
"Female","Light_Control","Light_Control",12,"B_S_D",5.1,20.3174603174603
"Male","Predator_Dull","Pred_Dul",12,"B_S_D",0.63,17.1428571428571
"Female","Predator_Dull","Pred_Dul",12,"B_S_D",3.01,17.1428571428571
"Male","Predator_Dull","Pred_Dul",12,"B_S_D",4.37,17.1428571428571
"Male","Predator_Control","Pred_Con",12,"B_S_D",9.48,17.1428571428571
"Female","Predator_Control","Pred_Con",12,"B_S_D",15.94,17.1428571428571
"Male","Predator_Control","Pred_Con",12,"B_S_D",0.48,17.1428571428571
"Male","Predator_Control","Pred_Con",12,"B_S_D",3.76,17.1428571428571
"Male","Predator_Control","Pred_Con",12,"B_S_D",6.11,17.1428571428571
"Male","Predator_Control","Pred_Con",12,"B_S_D",1.4,16.984126984127
"Male","Predator_Control","Pred_Con",12,"B_S_D",7.09,16.984126984127
"Male","Predator_Control","Pred_Con",12,"B_S_D",0.48,16.984126984127
"Male","Predator_Control","Cont_Con",12,"B_S_D",0.48,16.984126984127
"Male","Predator_Control","Cont_Con",12,"B_S_D",1.24,16.984126984127
"Male","Predator_Control","Cont_Con",12,"B_S_D",4.71,16.984126984127
"Female","Predator_Control","Cont_Con",12,"B_S_D",15.09,16.984126984127
"Male","Predator_Control","Cont_Con",12,"B_S_D",12.75,16.984126984127
"Female","Predator_Control","Cont_Con",12,"B_S_D",8.08,16.984126984127
"Female","Control_Dull","Cont_Dul",12,"B_S_D",1.17,16.984126984127
"Male","Control_Dull","Cont_Dul",12,"B_S_D",1.33,16.984126984127
"Female","Control_Dull","Cont_Dul",12,"B_S_D",3.5,16.984126984127
"Female","Control_Dull","Cont_Dul",12,"B_S_D",0.48,16.984126984127
"Male","Control_Dull","Cont_Dul",12,"B_S_D",3.44,16.984126984127
"Female","Predator_Control","Pred_Con",12,"B_S_D",1.24,16.984126984127
"Male","Predator_Control","Pred_Con",12,"B_S_D",1.82,16.984126984127
"Male","Predator_Control","Pred_Con",12,"B_S_D",3.83,16.984126984127
"Female","Predator_Control","Pred_Con",12,"B_S_D",10.99,16.984126984127
"Female","Predator_Control","Pred_Con",12,"B_S_D",2.19,16.984126984127
"Male","Predator_Control","Pred_Con",12,"B_S_D",2.55,16.984126984127
"Female","Control_Control","Cont_Dul",12,"B_S_D",1.17,16.984126984127
"Female","Control_Control","Cont_Dul",12,"B_S_D",7,16.984126984127
"Female","Control_Control","Cont_Dul",12,"B_S_D",3.28,16.984126984127
"Male","Control_Control","Cont_Dul",12,"B_S_D",10.3,16.984126984127
"Male","Control_Control","Cont_Con",12,"B_S_D",1.13,16.984126984127
"Male","Control_Control","Cont_Con",12,"B_S_D",2.85,16.984126984127
"Female","Control_Control","Cont_Con",12,"B_S_D",3.35,16.984126984127
"Male","Control_Control","Cont_Con",12,"B_S_D",3.37,16.984126984127
"Male","Control_Dull","Cont_Dul",12,"B_S_D",3.56,20.7936507936508
"Female","Control_Dull","Cont_Dul",12,"B_S_D",1.06,20.7936507936508
"Male","Control_Dull","Cont_Dul",12,"B_S_D",2.48,20.7936507936508
"Male","Control_Dull","Cont_Dul",12,"B_S_D",1.79,20.7936507936508
"Female","Predator_Control","Pred_Con",12,"B_S_D",0.54,23.015873015873
"Male","Predator_Control","Pred_Con",12,"B_S_D",3.2,23.015873015873
"Female","Predator_Control","Pred_Con",12,"B_S_D",1.73,23.015873015873
"Male","Predator_Control","Pred_Con",12,"B_S_D",0.78,23.015873015873
"Male","Predator_Control","Pred_Con",12,"B_S_D",0.48,23.015873015873
"Male","Predator_Dull","Pred_Dul",12,"B_S_D",2.14,23.2539682539683
"Female","Predator_Dull","Pred_Dul",12,"B_S_D",1.59,23.2539682539683
"Female","Predator_Dull","Pred_Dul",12,"B_S_D",0.48,23.2539682539683
"Male","","",12,"B_S_D",1.97,18.8888888888889
"Female","","",12,"B_S_D",1.25,18.8888888888889
"Female","","",12,"B_S_D",1.05,18.8888888888889
"Male","","",12,"B_S_D",1.76,18.8888888888889
"Male","","",12,"B_S_D",5.27,25.7936507936508
"Male","","",12,"B_S_D",0.87,25.7936507936508
"Male","","",12,"B_S_D",1.78,25.7936507936508
"Male","","",12,"B_S_D",3.38,25.7936507936508
"Female","","",12,"B_S_D",1.08,26.1904761904762
"Female","","",12,"B_S_D",3.24,26.1904761904762
"Female","","",12,"B_S_D",5.07,26.1904761904762
"Male","","",12,"B_S_D",2.16,26.1904761904762
"Male","","",12,"B_S_D",4.86,26.1904761904762
"Female","","",12,"B_S_D",0.48,26.1904761904762
"Male","","",12,"B_S_D",0.48,26.1904761904762
"Male","","",12,"B_S_D",0.63,26.1904761904762
"Male","","",12,"B_S_D",7.77,26.1904761904762
"Female","","",12,"B_S_D",2.95,26.1904761904762
"Female","","",12,"B_S_D",0.48,19.6031746031746
"Male","","",12,"B_S_D",0.48,19.6031746031746
"Female","","",12,"B_S_D",1.21,19.6031746031746
"Male","Predator_Dull","Pred_Dul",12,"B_S_D",NA,13.7301587301587
"Female","Predator_Control","Pred_Con",12,"B_S_D",3.31,18.968253968254
"Female","Control_Control","Cont_Con",12,"B_S_D",12.36,17.5396825396825
"Female","Predator_Dull","Pred_Dul",12,"B_S_D",46.02,17.5396825396825
"Male","Predator_Dull","Pred_Dul",12,"B_S_D",14.09,17.5396825396825
"Female","oral_control","",12,"B_S_D",1.92,18.3333333333333
"Male","transdermal_antibiotic","",12,"B_S_D",1.53,20.952380952381
